{"name":"931563de-b142-4f66-b60f-d40be8aff0eb","id":"/providers/Microsoft.Flow/flows/931563de-b142-4f66-b60f-d40be8aff0eb","type":"Microsoft.Flow/flows","properties":{"apiId":"/providers/Microsoft.PowerApps/apis/shared_logicflows","displayName":"Request Budget Approval","definition":{"metadata":{"workflowEntityId":null,"creator":{"id":"e597a80a-3098-469e-a5f1-542e77425ea8","type":"User","tenantId":"b5bca53a-fe43-4c16-98a7-6d50e3f87136"},"provisioningMethod":"FromDefinition","failureAlertSubscription":true,"clientLastModifiedTime":"2019-11-19T10:56:46.1547942Z"},"$schema":"https://schema.management.azure.com/providers/Microsoft.Logic/schemas/2016-06-01/workflowdefinition.json#","contentVersion":"1.0.0.0","parameters":{"$connections":{"defaultValue":{},"type":"Object"},"$authentication":{"defaultValue":{},"type":"SecureObject"},"sharepoint.site":{"defaultValue":"","type":"String"},"sharepoint.list":{"defaultValue":"","type":"String"}},"triggers":{"When_an_item_is_created":{"recurrence":{"frequency":"Minute","interval":1},"splitOn":"@triggerBody()?['value']","metadata":{"flowSystemMetadata":{"swaggerOperationId":"GetOnNewItems"}},"type":"ApiConnection","inputs":{"host":{"connection":{"name":"@parameters('$connections')['shared_sharepointonline']['connectionId']"},"api":{"runtimeUrl":"https://flow-apim-europe-001-francecentral-01.azure-apim.net/apim/sharepointonline"}},"method":"get","path":"/datasets/@{encodeURIComponent(encodeURIComponent('https://sogetiexperience.sharepoint.com/sites/PA_Demo'))}/tables/@{encodeURIComponent(encodeURIComponent('2fce258f-afa3-403a-85ee-da8424aacc4e'))}/onnewitems","authentication":"@parameters('$authentication')"}}},"actions":{"Get_manager":{"runAfter":{"75percent":["Succeeded"]},"metadata":{"flowSystemMetadata":{"swaggerOperationId":"Manager_V2"}},"type":"ApiConnection","inputs":{"host":{"connection":{"name":"@parameters('$connections')['shared_office365users']['connectionId']"},"api":{"runtimeUrl":"https://flow-apim-europe-001-northeurope-01.azure-apim.net/apim/office365users"}},"method":"get","path":"/codeless/v1.0/users/@{encodeURIComponent(triggerBody()?['Author']?['Email'])}/manager","authentication":"@parameters('$authentication')"}},"Create_an_approval":{"runAfter":{"Get_manager":["Succeeded"]},"metadata":{"flowSystemMetadata":{"swaggerOperationId":"CreateAnApproval"}},"type":"ApiConnection","inputs":{"host":{"connection":{"name":"@parameters('$connections')['shared_approvals']['connectionId']"},"api":{"runtimeUrl":"https://flow-apim-europe-001-northeurope-01.azure-apim.net/apim/approvals"}},"method":"post","body":{"responseOptions":["@{outputs('50percent')}","@{outputs('75percent')}","@{triggerBody()?['Requestedbudget']}","Reject"],"title":"Budget Request: @{triggerBody()?['Title']}","assignedTo":"@body('Get_manager')?['mail']","details":"Budget Request @{triggerBody()?['Title']}:\n@{triggerBody()?['Author']?['DisplayName']} has requested budget for the @{triggerBody()?['Title']} project! Select the link above to see the details.","itemLink":"@triggerBody()?['{Link}']","itemLinkDescription":"@triggerBody()?['Title']","requestor":"@{triggerBody()?['Author']?['Email']};","enableNotifications":false,"enableReassignment":true},"path":"/types/@{encodeURIComponent('CustomResponse')}","authentication":"@parameters('$authentication')"}},"50percent":{"runAfter":{},"type":"Compose","inputs":"@mul(triggerBody()?['Requestedbudget'], 0.5)","description":"mul(triggerBody()?['Requestedbudget'], 0.5)"},"75percent":{"runAfter":{"50percent":["Succeeded"]},"type":"Compose","inputs":"@mul(triggerBody()?['Requestedbudget'], 0.75)","description":"mul(triggerBody()?['Requestedbudget'], 0.75)"},"Send_approval_request_to_manager":{"runAfter":{"Update_user_of_progress":["Succeeded"]},"metadata":{"flowSystemMetadata":{"swaggerOperationId":"PostUserAdaptiveCard"}},"type":"ApiConnection","inputs":{"host":{"connection":{"name":"@parameters('$connections')['shared_teams']['connectionId']"},"api":{"runtimeUrl":"https://flow-apim-europe-001-francecentral-01.azure-apim.net/apim/teams"}},"method":"post","body":{"recipient":{"to":"@{body('Get_manager')?['mail']};"},"messageBody":"@body('Create_an_approval')?['adaptiveCard']"},"path":"/flowbot/actions/adaptivecard/recipienttypes/user","authentication":"@parameters('$authentication')"}},"Wait_for_an_approval":{"runAfter":{"Send_approval_request_to_manager":["Succeeded"]},"metadata":{"flowSystemMetadata":{"swaggerOperationId":"WaitForAnApproval"}},"type":"ApiConnectionWebhook","inputs":{"host":{"connection":{"name":"@parameters('$connections')['shared_approvals']['connectionId']"},"api":{"runtimeUrl":"https://flow-apim-europe-001-northeurope-01.azure-apim.net/apim/approvals"}},"body":{"notificationUrl":"@{listCallbackUrl()}"},"path":"/approvals/@{encodeURIComponent(body('Create_an_approval')?['name'])}/subscriptions","authentication":"@parameters('$authentication')"}},"Approval":{"actions":{"Update_item_to_Approved":{"runAfter":{},"metadata":{"flowSystemMetadata":{"swaggerOperationId":"PatchItem"}},"type":"ApiConnection","inputs":{"host":{"connection":{"name":"@parameters('$connections')['shared_sharepointonline']['connectionId']"},"api":{"runtimeUrl":"https://flow-apim-europe-001-francecentral-01.azure-apim.net/apim/sharepointonline"}},"method":"patch","body":{"Title":"@triggerBody()?['Title']","Allowedbudget":"@string(body('Wait_for_an_approval')?['outcome'])","Status":{"Value":"Approved"},"Comments":"@{outputs('Comments')}"},"path":"/datasets/@{encodeURIComponent(encodeURIComponent('https://sogetiexperience.sharepoint.com/sites/PA_Demo'))}/tables/@{encodeURIComponent(encodeURIComponent('2fce258f-afa3-403a-85ee-da8424aacc4e'))}/items/@{encodeURIComponent(triggerBody()?['ID'])}","authentication":"@parameters('$authentication')"}},"Update_user_of_progress_(approved)":{"runAfter":{"Update_item_to_Approved":["Succeeded"]},"metadata":{"flowSystemMetadata":{"swaggerOperationId":"PostUserAdaptiveCard"}},"type":"ApiConnection","inputs":{"host":{"connection":{"name":"@parameters('$connections')['shared_teams']['connectionId']"},"api":{"runtimeUrl":"https://flow-apim-europe-001-francecentral-01.azure-apim.net/apim/teams"}},"method":"post","body":{"recipient":{"to":"@{body('Update_item_to_Approved')?['Author']?['Email']};"},"messageBody":"{\n    \"type\": \"AdaptiveCard\",\n    \"body\": [\n{\n            \"type\": \"Image\",\n            \"url\": \"https://o365dude.blob.core.windows.net/adaptivecards/BudgetRequest.png\"\n        },\n        {\n            \"type\": \"TextBlock\",\n            \"size\": \"Medium\",\n            \"weight\": \"Bolder\",\n            \"text\": \"Your budget request has been approved.\"\n        },\n        {\n            \"type\": \"TextBlock\",\n            \"text\": \"Your budget request for @{body('Update_item_to_Approved')['Title']} has been approved, your project budget is: @{body('Update_item_to_Approved')?['Allowedbudget']}. If you have asked for a Microsoft Team to be created, a team will be created now.\",\n            \"wrap\": true\n        }\n    ],\n    \"$schema\": \"http://adaptivecards.io/schemas/adaptive-card.json\",\n    \"version\": \"1.0\"\n}"},"path":"/flowbot/actions/adaptivecard/recipienttypes/user","authentication":"@parameters('$authentication')"}},"If_Create_Team":{"actions":{"Scope_-_Create_Team":{"actions":{"Create_Group":{"runAfter":{"Get_Requestor_Profile":["Succeeded"]},"metadata":{"flowSystemMetadata":{"swaggerOperationId":"InvokeHttp"}},"type":"ApiConnection","inputs":{"host":{"connection":{"name":"@parameters('$connections')['shared_webcontents']['connectionId']"},"api":{"runtimeUrl":"https://flow-apim-europe-001-westeurope-01.azure-apim.net/apim/webcontents"}},"method":"post","body":{"method":"POST","url":"https://graph.microsoft.com/v1.0/groups","body":"@{base64(concat('{','\n','  \"displayName\": \"',body('Update_item_to_Approved')['Title'],'\",','\n','  \"groupTypes\": [','\n','    \"Unified\"','\n','  ],','\n','\"visibility\": \"Private\",','\n','  \"mailEnabled\": true,','\n','  \"mailNickname\": \"',replace(body('Update_item_to_Approved')['Title'], ' ', ''),'\",','\n','  \"securityEnabled\": false,','\n','    \"resourceBehaviorOptions\": [','\n','        \"WelcomeEmailDisabled\"','\n','    ],','\n','  \"owners@odata.bind\": [','\n','    \"https://graph.microsoft.com/v1.0/users/',body('Get_Project_Owner_Profile')?['id'],'\"','\n','  ],','\n','  \"members@odata.bind\": [','\n','    \"https://graph.microsoft.com/v1.0/users/',body('Get_Requestor_Profile')?['id'],'\"','\n','  ]','\n','}'))}"},"path":"/codeless/InvokeHttp","authentication":"@parameters('$authentication')"},"description":"replace(body('Update_item_to_Approved')['Title'], ' ', '')"},"Delay_10_seconds":{"runAfter":{"Parse_JSON_Group_response":["Succeeded"]},"type":"Wait","inputs":{"interval":{"count":10,"unit":"Second"}}},"Create_Team":{"runAfter":{"Delay_10_seconds":["Succeeded"]},"metadata":{"flowSystemMetadata":{"swaggerOperationId":"InvokeHttp"}},"type":"ApiConnection","inputs":{"host":{"connection":{"name":"@parameters('$connections')['shared_webcontents']['connectionId']"},"api":{"runtimeUrl":"https://flow-apim-europe-001-westeurope-01.azure-apim.net/apim/webcontents"}},"method":"post","body":{"method":"PUT","url":"https://graph.microsoft.com/v1.0/groups/@{body('Parse_JSON_Group_response')?['id']}/team","body":"@{base64(concat('{  ','\n','  \"memberSettings\": {','\n','    \"allowCreateUpdateChannels\": true','\n','  },','\n','  \"messagingSettings\": {','\n','    \"allowUserEditMessages\": true,','\n','    \"allowUserDeleteMessages\": true','\n','  },','\n','  \"funSettings\": {','\n','    \"allowGiphy\": true,','\n','    \"giphyContentRating\": \"strict\"','\n','  }','\n','}'))}"},"path":"/codeless/InvokeHttp","authentication":"@parameters('$authentication')","retryPolicy":{"type":"fixed","count":3,"interval":"PT10S"}}},"Parse_JSON_Group_response":{"runAfter":{"Create_Group":["Succeeded"]},"type":"ParseJson","inputs":{"content":"@body('Create_Group')","schema":{"type":"object","properties":{"id":{"type":"string"}}}}},"Get_Project_Owner_Profile":{"runAfter":{},"metadata":{"flowSystemMetadata":{"swaggerOperationId":"UserProfile_V2"}},"type":"ApiConnection","inputs":{"host":{"connection":{"name":"@parameters('$connections')['shared_office365users']['connectionId']"},"api":{"runtimeUrl":"https://flow-apim-europe-001-northeurope-01.azure-apim.net/apim/office365users"}},"method":"get","path":"/codeless/v1.0/users/@{encodeURIComponent(body('Update_item_to_Approved')?['ProjectOwner']?['Email'])}","authentication":"@parameters('$authentication')"}},"Get_Requestor_Profile":{"runAfter":{"Get_Project_Owner_Profile":["Succeeded"]},"metadata":{"flowSystemMetadata":{"swaggerOperationId":"UserProfile_V2"}},"type":"ApiConnection","inputs":{"host":{"connection":{"name":"@parameters('$connections')['shared_office365users']['connectionId']"},"api":{"runtimeUrl":"https://flow-apim-europe-001-northeurope-01.azure-apim.net/apim/office365users"}},"method":"get","path":"/codeless/v1.0/users/@{encodeURIComponent(body('Update_item_to_Approved')?['Author']?['Email'])}","authentication":"@parameters('$authentication')"}}},"runAfter":{},"type":"Scope"}},"runAfter":{"Update_user_of_progress_(approved)":["Succeeded"]},"expression":{"equals":["@body('Update_item_to_Approved')?['CreateTeam']","@true"]},"type":"If"}},"runAfter":{"Comments":["Succeeded"]},"else":{"actions":{"Update_item_to_Rejected":{"runAfter":{},"metadata":{"flowSystemMetadata":{"swaggerOperationId":"PatchItem"}},"type":"ApiConnection","inputs":{"host":{"connection":{"name":"@parameters('$connections')['shared_sharepointonline']['connectionId']"},"api":{"runtimeUrl":"https://flow-apim-europe-001-francecentral-01.azure-apim.net/apim/sharepointonline"}},"method":"patch","body":{"Title":"@triggerBody()?['Title']","Allowedbudget":0,"Status":{"Value":"Rejected"},"Comments":"@{outputs('Comments')}"},"path":"/datasets/@{encodeURIComponent(encodeURIComponent('https://sogetiexperience.sharepoint.com/sites/PA_Demo'))}/tables/@{encodeURIComponent(encodeURIComponent('2fce258f-afa3-403a-85ee-da8424aacc4e'))}/items/@{encodeURIComponent(triggerBody()?['ID'])}","authentication":"@parameters('$authentication')"}},"Update_user_of_progress_(rejected)":{"runAfter":{"Update_item_to_Rejected":["Succeeded"]},"metadata":{"flowSystemMetadata":{"swaggerOperationId":"PostUserAdaptiveCard"}},"type":"ApiConnection","inputs":{"host":{"connection":{"name":"@parameters('$connections')['shared_teams']['connectionId']"},"api":{"runtimeUrl":"https://flow-apim-europe-001-francecentral-01.azure-apim.net/apim/teams"}},"method":"post","body":{"recipient":{"to":"@{body('Update_item_to_Rejected')?['Author']?['Email']};"},"messageBody":"{\n    \"type\": \"AdaptiveCard\",\n    \"body\": [\n{\n            \"type\": \"Image\",\n            \"altText\": \"\",\n            \"url\": \"https://o365dude.blob.core.windows.net/adaptivecards/BudgetRequest.png\"\n        },\n        {\n            \"type\": \"TextBlock\",\n            \"size\": \"Medium\",\n            \"weight\": \"Bolder\",\n            \"text\": \"Your budget request has been rejected\"\n        },\n        {\n            \"type\": \"TextBlock\",\n            \"text\": \"Your budget request for @{body('Update_item_to_Rejected')['Title']} has been rejected. Better luck next time.\", \n            \"wrap\": true\n        }\n    ],\n    \"$schema\": \"http://adaptivecards.io/schemas/adaptive-card.json\",\n    \"version\": \"1.0\"\n}"},"path":"/flowbot/actions/adaptivecard/recipienttypes/user","authentication":"@parameters('$authentication')"}}}},"expression":{"not":{"equals":["@body('Wait_for_an_approval')?['outcome']","Reject"]}},"type":"If"},"Update_item_to_In_Progress":{"runAfter":{"Create_an_approval":["Succeeded"]},"metadata":{"flowSystemMetadata":{"swaggerOperationId":"PatchItem"}},"type":"ApiConnection","inputs":{"host":{"connection":{"name":"@parameters('$connections')['shared_sharepointonline']['connectionId']"},"api":{"runtimeUrl":"https://flow-apim-europe-001-francecentral-01.azure-apim.net/apim/sharepointonline"}},"method":"patch","body":{"Title":"@triggerBody()?['Title']","Status":{"Value":"In Progress"}},"path":"/datasets/@{encodeURIComponent(encodeURIComponent('https://sogetiexperience.sharepoint.com/sites/PA_Demo'))}/tables/@{encodeURIComponent(encodeURIComponent('2fce258f-afa3-403a-85ee-da8424aacc4e'))}/items/@{encodeURIComponent(triggerBody()?['ID'])}","authentication":"@parameters('$authentication')"}},"Update_user_of_progress":{"runAfter":{"Update_item_to_In_Progress":["Succeeded"]},"metadata":{"flowSystemMetadata":{"swaggerOperationId":"PostUserAdaptiveCard"}},"type":"ApiConnection","inputs":{"host":{"connection":{"name":"@parameters('$connections')['shared_teams']['connectionId']"},"api":{"runtimeUrl":"https://flow-apim-europe-001-francecentral-01.azure-apim.net/apim/teams"}},"method":"post","body":{"recipient":{"to":"@{body('Update_item_to_In_Progress')?['Author']?['Email']};"},"messageBody":"{\n    \"type\": \"AdaptiveCard\",\n    \"body\": [\n{\n            \"type\": \"Image\",\n            \"altText\": \"\",\n            \"url\": \"https://o365dude.blob.core.windows.net/adaptivecards/BudgetRequest.png\"\n        },\n        {\n            \"type\": \"TextBlock\",\n            \"size\": \"Medium\",\n            \"weight\": \"Bolder\",\n            \"text\": \"Your budget request is now in progress.\"\n        },\n        {\n            \"type\": \"TextBlock\",\n            \"text\": \"Your budget request is now in progress. Expect a response within 24 hours.\",\n            \"wrap\": true\n        }\n    ],\n    \"$schema\": \"http://adaptivecards.io/schemas/adaptive-card.json\",\n    \"version\": \"1.0\"\n}"},"path":"/flowbot/actions/adaptivecard/recipienttypes/user","authentication":"@parameters('$authentication')"}},"Comments":{"runAfter":{"Wait_for_an_approval":["Succeeded"]},"type":"Compose","inputs":"@first(body('Wait_for_an_approval')?['responses'])?['comments']"}},"outputs":{}},"connectionReferences":{"shared_office365users":{"connectionName":"06fc08ecbced4ddabd0d3bc349165dd9","source":"Embedded","id":"/providers/Microsoft.PowerApps/apis/shared_office365users","tier":"NotSpecified"},"shared_approvals":{"connectionName":"shared-approvals-0da85f67-0d15-40b0-bc60-42a05acd26df","source":"Embedded","id":"/providers/Microsoft.PowerApps/apis/shared_approvals","tier":"NotSpecified"},"shared_teams":{"connectionName":"shared-teams-10a7f7ac-1bc2-4d62-bccc-528cb6a16ae7","source":"Embedded","id":"/providers/Microsoft.PowerApps/apis/shared_teams","tier":"NotSpecified"},"shared_sharepointonline":{"connectionName":"4dead01a15d343bc9c5eb83c1c54d2f4","source":"Embedded","id":"/providers/Microsoft.PowerApps/apis/shared_sharepointonline","tier":"NotSpecified"},"shared_webcontents":{"connectionName":"shared-webcontents-f4a3cb1b-dc03-4d69-b42c-36353ce146b5","source":"Embedded","id":"/providers/Microsoft.PowerApps/apis/shared_webcontents","tier":"NotSpecified"}},"flowFailureAlertSubscribed":false}}